GRIZZLY STEPPE,private.directinvesting.com
GRIZZLY STEPPE,cderlearn.com
GRIZZLY STEPPE,wilcarobbe.com
GRIZZLY STEPPE,one2shopee.com
GRIZZLY STEPPE,ritsoperrol.ru
GRIZZLY STEPPE,littjohnwilhap.ru
GRIZZLY STEPPE,insta.reduct.ru
GRIZZLY STEPPE,editprod.waterfilter.in.ua
GRIZZLY STEPPE,mymodule.waterfilter.in.ua
GRIZZLY STEPPE,1.112.1.1
GRIZZLY STEPPE,1.212.1.1
GRIZZLY STEPPE,2.189.142.80
GRIZZLY STEPPE,5.1.82.130
GRIZZLY STEPPE,5.1.82.140
GRIZZLY STEPPE,5.133.179.243
GRIZZLY STEPPE,5.133.8.152
GRIZZLY STEPPE,5.133.8.162
GRIZZLY STEPPE,5.134.1.250
GRIZZLY STEPPE,5.135.158.101
GRIZZLY STEPPE,5.135.186.35
GRIZZLY STEPPE,5.135.199.28
GRIZZLY STEPPE,5.135.65.145
GRIZZLY STEPPE,5.135.65.146
GRIZZLY STEPPE,5.149.249.172
GRIZZLY STEPPE,5.149.254.114
GRIZZLY STEPPE,5.152.205.159
GRIZZLY STEPPE,5.153.233.58
GRIZZLY STEPPE,5.153.234.90
GRIZZLY STEPPE,5.157.38.34
GRIZZLY STEPPE,5.189.188.111
GRIZZLY STEPPE,5.196.1.129
GRIZZLY STEPPE,5.196.58.96
GRIZZLY STEPPE,5.199.171.58
GRIZZLY STEPPE,5.199.172.147
GRIZZLY STEPPE,5.2.64.10
GRIZZLY STEPPE,5.212.1.1
GRIZZLY STEPPE,5.249.145.164
GRIZZLY STEPPE,5.255.80.27
GRIZZLY STEPPE,5.28.62.85
GRIZZLY STEPPE,5.34.150.2
GRIZZLY STEPPE,5.34.183.55
GRIZZLY STEPPE,5.40.21.27
GRIZZLY STEPPE,5.45.183.194
GRIZZLY STEPPE,5.56.133.125
GRIZZLY STEPPE,5.56.133.19
GRIZZLY STEPPE,5.56.133.23
GRIZZLY STEPPE,5.77.47.142
GRIZZLY STEPPE,5.9.32.230
GRIZZLY STEPPE,5.9.98.43
GRIZZLY STEPPE,8.39.147.120
GRIZZLY STEPPE,23.239.10.144
GRIZZLY STEPPE,23.254.211.232
GRIZZLY STEPPE,27.111.202.78
GRIZZLY STEPPE,27.24.190.240
GRIZZLY STEPPE,27.50.94.251
GRIZZLY STEPPE,31.132.0.11
GRIZZLY STEPPE,31.132.0.12
GRIZZLY STEPPE,31.148.219.166
GRIZZLY STEPPE,31.148.219.168
GRIZZLY STEPPE,31.148.219.176
GRIZZLY STEPPE,31.148.219.50
GRIZZLY STEPPE,31.16.91.237
GRIZZLY STEPPE,31.168.172.147
GRIZZLY STEPPE,31.185.104.19
GRIZZLY STEPPE,31.186.96.19
GRIZZLY STEPPE,31.186.96.20
GRIZZLY STEPPE,31.192.228.185
GRIZZLY STEPPE,31.210.109.147
GRIZZLY STEPPE,31.210.111.154
GRIZZLY STEPPE,31.210.117.131
GRIZZLY STEPPE,31.210.118.89
GRIZZLY STEPPE,31.210.123.213
GRIZZLY STEPPE,31.210.123.214
GRIZZLY STEPPE,31.210.125.100
GRIZZLY STEPPE,31.210.125.105
GRIZZLY STEPPE,31.210.125.99
GRIZZLY STEPPE,31.220.43.99
GRIZZLY STEPPE,31.31.72.43
GRIZZLY STEPPE,35.0.127.52
GRIZZLY STEPPE,37.0.127.44
GRIZZLY STEPPE,37.123.130.176
GRIZZLY STEPPE,37.123.130.186
GRIZZLY STEPPE,37.139.52.47
GRIZZLY STEPPE,37.146.14.44
GRIZZLY STEPPE,37.187.239.8
GRIZZLY STEPPE,37.187.247.3
GRIZZLY STEPPE,37.187.7.74
GRIZZLY STEPPE,37.220.35.202
GRIZZLY STEPPE,37.220.35.36
GRIZZLY STEPPE,37.233.99.157
GRIZZLY STEPPE,37.235.53.237
GRIZZLY STEPPE,37.247.54.157
GRIZZLY STEPPE,37.48.109.107
GRIZZLY STEPPE,37.48.93.246
GRIZZLY STEPPE,37.59.123.142
GRIZZLY STEPPE,37.59.14.201
GRIZZLY STEPPE,37.59.42.55
GRIZZLY STEPPE,37.59.63.190
GRIZZLY STEPPE,38.110.220.169
GRIZZLY STEPPE,41.206.188.206
GRIZZLY STEPPE,41.212.1.1
GRIZZLY STEPPE,41.215.241.147
GRIZZLY STEPPE,41.77.136.250
GRIZZLY STEPPE,42.1.1.1
GRIZZLY STEPPE,42.112.33.43
GRIZZLY STEPPE,42.51.11.66
GRIZZLY STEPPE,43.1.1.1
GRIZZLY STEPPE,45.32.239.246
GRIZZLY STEPPE,45.33.48.204
GRIZZLY STEPPE,45.55.178.34
GRIZZLY STEPPE,45.56.90.85
GRIZZLY STEPPE,45.62.255.94
GRIZZLY STEPPE,45.79.85.112
GRIZZLY STEPPE,46.101.138.211
GRIZZLY STEPPE,46.101.197.155
GRIZZLY STEPPE,46.102.152.132
GRIZZLY STEPPE,46.105.100.149
GRIZZLY STEPPE,46.108.39.193
GRIZZLY STEPPE,46.108.39.198
GRIZZLY STEPPE,46.148.17.100
GRIZZLY STEPPE,46.148.17.210
GRIZZLY STEPPE,46.148.17.98
GRIZZLY STEPPE,46.148.17.99
GRIZZLY STEPPE,46.148.26.78
GRIZZLY STEPPE,46.165.196.229
GRIZZLY STEPPE,46.165.197.1
GRIZZLY STEPPE,46.165.223.217
GRIZZLY STEPPE,46.165.228.119
GRIZZLY STEPPE,46.165.230.5
GRIZZLY STEPPE,46.166.137.224
GRIZZLY STEPPE,46.166.137.240
GRIZZLY STEPPE,46.166.137.245
GRIZZLY STEPPE,46.166.138.129
GRIZZLY STEPPE,46.166.138.141
GRIZZLY STEPPE,46.166.138.142
GRIZZLY STEPPE,46.166.138.147
GRIZZLY STEPPE,46.166.186.243
GRIZZLY STEPPE,46.166.188.208
GRIZZLY STEPPE,46.166.188.228
GRIZZLY STEPPE,46.166.190.182
GRIZZLY STEPPE,46.166.190.192
GRIZZLY STEPPE,46.166.190.223
GRIZZLY STEPPE,46.17.100.14
GRIZZLY STEPPE,46.182.106.190
GRIZZLY STEPPE,46.242.66.240
GRIZZLY STEPPE,46.28.110.136
GRIZZLY STEPPE,46.28.111.122
GRIZZLY STEPPE,46.28.68.158
GRIZZLY STEPPE,46.29.248.238
GRIZZLY STEPPE,46.39.102.250
GRIZZLY STEPPE,46.4.193.146
GRIZZLY STEPPE,46.73.164.160
GRIZZLY STEPPE,50.2.64.140
GRIZZLY STEPPE,50.7.176.2
GRIZZLY STEPPE,50.7.62.27
GRIZZLY STEPPE,51.254.215.7
GRIZZLY STEPPE,51.255.202.66
GRIZZLY STEPPE,51.255.33.0
GRIZZLY STEPPE,51.255.38.226
GRIZZLY STEPPE,52.29.252.84
GRIZZLY STEPPE,54.146.128.140
GRIZZLY STEPPE,58.20.114.95
GRIZZLY STEPPE,58.250.19.237
GRIZZLY STEPPE,58.49.61.252
GRIZZLY STEPPE,58.68.148.37
GRIZZLY STEPPE,58.68.148.42
GRIZZLY STEPPE,58.80.109.59
GRIZZLY STEPPE,58.83.208.24
GRIZZLY STEPPE,59.115.115.115
GRIZZLY STEPPE,60.12.119.222
GRIZZLY STEPPE,60.18.131.233
GRIZZLY STEPPE,60.18.147.185
GRIZZLY STEPPE,60.190.22.202
GRIZZLY STEPPE,60.191.138.222
GRIZZLY STEPPE,60.191.139.42
GRIZZLY STEPPE,60.191.139.86
GRIZZLY STEPPE,60.2.237.27
GRIZZLY STEPPE,60.211.204.110
GRIZZLY STEPPE,61.135.149.124
GRIZZLY STEPPE,61.144.244.217
GRIZZLY STEPPE,62.1.1.1
GRIZZLY STEPPE,62.102.148.67
GRIZZLY STEPPE,62.113.238.165
GRIZZLY STEPPE,62.149.25.15
GRIZZLY STEPPE,62.193.51.144
GRIZZLY STEPPE,62.210.105.116
GRIZZLY STEPPE,62.210.129.246
GRIZZLY STEPPE,62.212.73.141
GRIZZLY STEPPE,62.244.176.139
GRIZZLY STEPPE,62.4.22.48
GRIZZLY STEPPE,63.141.226.34
GRIZZLY STEPPE,63.214.136.153
GRIZZLY STEPPE,64.113.32.29
GRIZZLY STEPPE,64.124.32.84
GRIZZLY STEPPE,64.137.178.3
GRIZZLY STEPPE,64.137.206.52
GRIZZLY STEPPE,64.137.215.208
GRIZZLY STEPPE,64.27.12.41
GRIZZLY STEPPE,64.27.17.140
GRIZZLY STEPPE,64.79.108.197
GRIZZLY STEPPE,65.15.88.243
GRIZZLY STEPPE,65.158.81.132
GRIZZLY STEPPE,65.181.112.128
GRIZZLY STEPPE,65.19.167.130
GRIZZLY STEPPE,65.19.167.131
GRIZZLY STEPPE,65.19.167.132
GRIZZLY STEPPE,65.23.129.79
GRIZZLY STEPPE,65.36.205.1
GRIZZLY STEPPE,65.55.252.43
GRIZZLY STEPPE,66.158.142.2
GRIZZLY STEPPE,66.180.193.219
GRIZZLY STEPPE,66.196.116.112
GRIZZLY STEPPE,67.52.39.166
GRIZZLY STEPPE,68.64.143.103
GRIZZLY STEPPE,69.10.162.154
GRIZZLY STEPPE,69.12.73.174
GRIZZLY STEPPE,69.162.139.9
GRIZZLY STEPPE,69.25.242.15
GRIZZLY STEPPE,69.30.251.26
GRIZZLY STEPPE,69.30.251.27
GRIZZLY STEPPE,69.30.251.28
GRIZZLY STEPPE,69.30.251.29
GRIZZLY STEPPE,69.30.251.30
GRIZZLY STEPPE,69.63.147.49
GRIZZLY STEPPE,69.70.199.50
GRIZZLY STEPPE,69.89.191.8
GRIZZLY STEPPE,69.89.37.90
GRIZZLY STEPPE,69.89.37.91
GRIZZLY STEPPE,69.89.37.92
GRIZZLY STEPPE,71.19.157.127
GRIZZLY STEPPE,72.21.91.121
GRIZZLY STEPPE,72.30.196.161
GRIZZLY STEPPE,72.5.72.225
GRIZZLY STEPPE,72.52.75.27
GRIZZLY STEPPE,74.11.216.239
GRIZZLY STEPPE,74.208.191.194
GRIZZLY STEPPE,74.208.191.202
GRIZZLY STEPPE,74.217.184.206
GRIZZLY STEPPE,78.106.220.129
GRIZZLY STEPPE,78.108.154.254
GRIZZLY STEPPE,78.138.104.178
GRIZZLY STEPPE,78.138.106.231
GRIZZLY STEPPE,78.138.106.234
GRIZZLY STEPPE,78.138.106.235
GRIZZLY STEPPE,78.138.106.247
GRIZZLY STEPPE,78.138.97.15
GRIZZLY STEPPE,78.138.98.92
GRIZZLY STEPPE,78.138.98.95
GRIZZLY STEPPE,79.134.234.247
GRIZZLY STEPPE,79.134.255.200
GRIZZLY STEPPE,79.143.111.228
GRIZZLY STEPPE,79.172.193.32
GRIZZLY STEPPE,79.98.107.90
GRIZZLY STEPPE,80.221.159.67
GRIZZLY STEPPE,80.240.139.111
GRIZZLY STEPPE,80.244.81.191
GRIZZLY STEPPE,80.255.12.232
GRIZZLY STEPPE,80.67.172.162
GRIZZLY STEPPE,81.17.18.50
GRIZZLY STEPPE,81.170.184.90
GRIZZLY STEPPE,81.171.56.203
GRIZZLY STEPPE,81.210.129.164
GRIZZLY STEPPE,81.30.158.81
GRIZZLY STEPPE,81.7.15.115
GRIZZLY STEPPE,81.7.16.13
GRIZZLY STEPPE,81.95.126.15
GRIZZLY STEPPE,82.163.79.61
GRIZZLY STEPPE,82.211.19.129
GRIZZLY STEPPE,82.211.19.143
GRIZZLY STEPPE,82.221.129.96
GRIZZLY STEPPE,82.221.139.25
GRIZZLY STEPPE,83.136.253.147
GRIZZLY STEPPE,83.138.176.21
GRIZZLY STEPPE,83.220.236.147
GRIZZLY STEPPE,84.117.113.152
GRIZZLY STEPPE,84.200.56.34
GRIZZLY STEPPE,84.232.5.230
GRIZZLY STEPPE,84.251.91.165
GRIZZLY STEPPE,85.143.219.211
GRIZZLY STEPPE,85.143.95.50
GRIZZLY STEPPE,85.159.237.210
GRIZZLY STEPPE,85.195.97.226
GRIZZLY STEPPE,85.195.97.227
GRIZZLY STEPPE,85.195.97.230
GRIZZLY STEPPE,85.204.74.91
GRIZZLY STEPPE,85.207.155.39
GRIZZLY STEPPE,85.24.197.4
GRIZZLY STEPPE,85.248.227.163
GRIZZLY STEPPE,85.248.227.164
GRIZZLY STEPPE,85.248.227.165
GRIZZLY STEPPE,85.25.100.104
GRIZZLY STEPPE,85.25.103.119
GRIZZLY STEPPE,85.90.244.52
GRIZZLY STEPPE,86.105.18.111
GRIZZLY STEPPE,86.127.210.14
GRIZZLY STEPPE,87.120.254.200
GRIZZLY STEPPE,87.170.206.84
GRIZZLY STEPPE,87.185.31.200
GRIZZLY STEPPE,87.236.194.23
GRIZZLY STEPPE,87.236.211.182
GRIZZLY STEPPE,88.150.157.14
GRIZZLY STEPPE,88.198.14.171
GRIZZLY STEPPE,88.198.25.92
GRIZZLY STEPPE,88.80.7.5
GRIZZLY STEPPE,89.163.135.98
GRIZZLY STEPPE,89.163.142.94
GRIZZLY STEPPE,89.163.237.45
GRIZZLY STEPPE,89.169.218.249
GRIZZLY STEPPE,89.187.142.208
GRIZZLY STEPPE,89.187.144.122
GRIZZLY STEPPE,89.187.145.103
GRIZZLY STEPPE,89.188.9.91
GRIZZLY STEPPE,89.190.34.200
GRIZZLY STEPPE,89.248.162.179
GRIZZLY STEPPE,89.31.57.5
GRIZZLY STEPPE,89.32.40.4
GRIZZLY STEPPE,89.33.246.114
GRIZZLY STEPPE,89.34.237.101
GRIZZLY STEPPE,89.34.237.11
GRIZZLY STEPPE,89.34.237.12
GRIZZLY STEPPE,89.35.178.104
GRIZZLY STEPPE,89.36.208.231
GRIZZLY STEPPE,89.45.67.6
GRIZZLY STEPPE,89.46.101.79
GRIZZLY STEPPE,90.154.72.187
GRIZZLY STEPPE,91.1.1.1
GRIZZLY STEPPE,91.108.183.170
GRIZZLY STEPPE,91.121.230.209
GRIZZLY STEPPE,91.134.232.63
GRIZZLY STEPPE,91.146.121.3
GRIZZLY STEPPE,91.213.8.235
GRIZZLY STEPPE,91.213.8.236
GRIZZLY STEPPE,91.213.8.84
GRIZZLY STEPPE,91.217.91.79
GRIZZLY STEPPE,91.219.236.136
GRIZZLY STEPPE,91.219.236.218
GRIZZLY STEPPE,91.219.236.222
GRIZZLY STEPPE,91.219.236.232
GRIZZLY STEPPE,91.219.238.231
GRIZZLY STEPPE,91.219.239.245
GRIZZLY STEPPE,91.219.30.81
GRIZZLY STEPPE,91.228.151.52
GRIZZLY STEPPE,91.229.77.64
GRIZZLY STEPPE,91.230.60.42
GRIZZLY STEPPE,91.230.61.68
GRIZZLY STEPPE,91.241.33.73
GRIZZLY STEPPE,92.114.92.107
GRIZZLY STEPPE,92.114.92.125
GRIZZLY STEPPE,92.222.103.234
GRIZZLY STEPPE,92.222.28.243
GRIZZLY STEPPE,92.222.6.12
GRIZZLY STEPPE,92.222.71.173
GRIZZLY STEPPE,92.222.88.7
GRIZZLY STEPPE,92.222.92.152
GRIZZLY STEPPE,92.240.253.181
GRIZZLY STEPPE,93.115.241.194
GRIZZLY STEPPE,93.115.38.141
GRIZZLY STEPPE,93.115.94.23
GRIZZLY STEPPE,93.115.94.26
GRIZZLY STEPPE,93.115.95.201
GRIZZLY STEPPE,93.115.95.202
GRIZZLY STEPPE,93.115.95.205
GRIZZLY STEPPE,93.115.95.39
GRIZZLY STEPPE,93.171.203.244
GRIZZLY STEPPE,93.174.90.30
GRIZZLY STEPPE,93.174.93.133
GRIZZLY STEPPE,93.184.215.200
GRIZZLY STEPPE,93.184.66.227
GRIZZLY STEPPE,93.219.113.201
GRIZZLY STEPPE,94.102.49.175
GRIZZLY STEPPE,94.102.49.64
GRIZZLY STEPPE,94.102.53.177
GRIZZLY STEPPE,94.102.63.139
GRIZZLY STEPPE,94.103.175.86
GRIZZLY STEPPE,94.126.8.21
GRIZZLY STEPPE,94.142.242.84
GRIZZLY STEPPE,94.185.85.42
GRIZZLY STEPPE,94.185.85.43
GRIZZLY STEPPE,94.185.85.44
GRIZZLY STEPPE,94.185.85.46
GRIZZLY STEPPE,94.198.100.8
GRIZZLY STEPPE,94.23.147.30
GRIZZLY STEPPE,94.242.195.186
GRIZZLY STEPPE,94.242.206.196
GRIZZLY STEPPE,94.242.222.23
GRIZZLY STEPPE,94.242.239.162
GRIZZLY STEPPE,94.242.239.163
GRIZZLY STEPPE,94.242.239.165
GRIZZLY STEPPE,94.242.239.177
GRIZZLY STEPPE,94.242.239.181
GRIZZLY STEPPE,94.242.239.183
GRIZZLY STEPPE,94.242.239.189
GRIZZLY STEPPE,94.242.251.32
GRIZZLY STEPPE,94.242.57.104
GRIZZLY STEPPE,94.242.57.2
GRIZZLY STEPPE,94.254.2.71
GRIZZLY STEPPE,94.26.140.150
GRIZZLY STEPPE,94.31.53.203
GRIZZLY STEPPE,95.0.26.199
GRIZZLY STEPPE,95.105.72.78
GRIZZLY STEPPE,95.130.11.147
GRIZZLY STEPPE,95.153.31.53
GRIZZLY STEPPE,95.163.107.14
GRIZZLY STEPPE,95.163.107.15
GRIZZLY STEPPE,95.183.50.23
GRIZZLY STEPPE,95.211.205.151
GRIZZLY STEPPE,95.211.214.81
GRIZZLY STEPPE,95.213.157.140
GRIZZLY STEPPE,95.213.157.141
GRIZZLY STEPPE,95.215.44.115
GRIZZLY STEPPE,97.74.237.196
GRIZZLY STEPPE,98.138.199.240
GRIZZLY STEPPE,98.138.79.73
GRIZZLY STEPPE,101.64.234.86
GRIZZLY STEPPE,101.98.11.146
GRIZZLY STEPPE,103.16.152.10
GRIZZLY STEPPE,103.21.198.13
GRIZZLY STEPPE,103.226.132.7
GRIZZLY STEPPE,103.23.136.10
GRIZZLY STEPPE,103.244.164.3
GRIZZLY STEPPE,103.253.41.55
GRIZZLY STEPPE,103.254.108.7
GRIZZLY STEPPE,103.254.16.168
GRIZZLY STEPPE,103.38.193.6
GRIZZLY STEPPE,103.38.43.207
GRIZZLY STEPPE,103.41.177.77
GRIZZLY STEPPE,103.41.52.37
GRIZZLY STEPPE,103.41.52.39
GRIZZLY STEPPE,103.8.24.66
GRIZZLY STEPPE,104.128.161.233
GRIZZLY STEPPE,104.152.208.166
GRIZZLY STEPPE,104.207.130.126
GRIZZLY STEPPE,104.233.108.157
GRIZZLY STEPPE,104.236.58.27
GRIZZLY STEPPE,104.237.152.195
GRIZZLY STEPPE,104.36.83.204
GRIZZLY STEPPE,104.93.114.201
GRIZZLY STEPPE,106.187.37.101
GRIZZLY STEPPE,106.187.99.148
GRIZZLY STEPPE,107.181.174.84
GRIZZLY STEPPE,107.182.131.117
GRIZZLY STEPPE,108.166.168.158
GRIZZLY STEPPE,108.28.164.248
GRIZZLY STEPPE,108.61.123.73
GRIZZLY STEPPE,108.61.152.252
GRIZZLY STEPPE,108.61.166.139
GRIZZLY STEPPE,108.61.187.24
GRIZZLY STEPPE,108.61.228.153
GRIZZLY STEPPE,109.103.167.206
GRIZZLY STEPPE,109.163.234.2
GRIZZLY STEPPE,109.163.234.5
GRIZZLY STEPPE,109.163.234.8
GRIZZLY STEPPE,109.173.113.248
GRIZZLY STEPPE,109.173.45.225
GRIZZLY STEPPE,109.188.124.120
GRIZZLY STEPPE,109.188.124.135
GRIZZLY STEPPE,109.188.124.168
GRIZZLY STEPPE,109.188.124.23
GRIZZLY STEPPE,109.188.124.25
GRIZZLY STEPPE,109.188.124.36
GRIZZLY STEPPE,109.188.124.43
GRIZZLY STEPPE,109.188.124.46
GRIZZLY STEPPE,109.188.124.47
GRIZZLY STEPPE,109.188.124.65
GRIZZLY STEPPE,109.188.124.80
GRIZZLY STEPPE,109.188.125.12
GRIZZLY STEPPE,109.188.125.13
GRIZZLY STEPPE,109.188.125.19
GRIZZLY STEPPE,109.188.125.20
GRIZZLY STEPPE,109.188.125.3
GRIZZLY STEPPE,109.188.125.30
GRIZZLY STEPPE,109.188.125.32
GRIZZLY STEPPE,109.188.125.33
GRIZZLY STEPPE,109.188.125.4
GRIZZLY STEPPE,109.188.125.40
GRIZZLY STEPPE,109.188.125.5
GRIZZLY STEPPE,109.188.125.52
GRIZZLY STEPPE,109.188.125.60
GRIZZLY STEPPE,109.188.125.9
GRIZZLY STEPPE,109.188.126.11
GRIZZLY STEPPE,109.188.126.12
GRIZZLY STEPPE,109.188.126.13
GRIZZLY STEPPE,109.188.126.14
GRIZZLY STEPPE,109.188.126.15
GRIZZLY STEPPE,109.188.126.18
GRIZZLY STEPPE,109.188.126.181
GRIZZLY STEPPE,109.188.126.21
GRIZZLY STEPPE,109.188.126.30
GRIZZLY STEPPE,109.188.126.39
GRIZZLY STEPPE,109.188.126.43
GRIZZLY STEPPE,109.188.126.44
GRIZZLY STEPPE,109.188.126.57
GRIZZLY STEPPE,109.188.127.23
GRIZZLY STEPPE,109.188.127.27
GRIZZLY STEPPE,109.188.127.28
GRIZZLY STEPPE,109.188.127.34
GRIZZLY STEPPE,109.188.127.52
GRIZZLY STEPPE,109.188.127.60
GRIZZLY STEPPE,109.201.133.100
GRIZZLY STEPPE,109.201.152.246
GRIZZLY STEPPE,109.201.152.26
GRIZZLY STEPPE,109.201.154.170
GRIZZLY STEPPE,109.201.154.186
GRIZZLY STEPPE,109.201.154.205
GRIZZLY STEPPE,109.236.89.125
GRIZZLY STEPPE,109.68.20.194
GRIZZLY STEPPE,109.72.73.18
GRIZZLY STEPPE,109.74.151.149
GRIZZLY STEPPE,115.178.58.19
GRIZZLY STEPPE,115.238.95.4
GRIZZLY STEPPE,115.249.128.114
GRIZZLY STEPPE,116.211.105.140
GRIZZLY STEPPE,116.76.255.86
GRIZZLY STEPPE,117.121.136.83
GRIZZLY STEPPE,117.34.88.250
GRIZZLY STEPPE,120.29.217.46
GRIZZLY STEPPE,121.243.46.164
GRIZZLY STEPPE,122.147.230.8
GRIZZLY STEPPE,122.154.162.222
GRIZZLY STEPPE,122.155.194.125
GRIZZLY STEPPE,122.192.65.73
GRIZZLY STEPPE,122.228.113.135
GRIZZLY STEPPE,122.228.193.115
GRIZZLY STEPPE,122.228.89.137
GRIZZLY STEPPE,123.103.23.169
GRIZZLY STEPPE,123.125.196.254
GRIZZLY STEPPE,123.81.251.190
GRIZZLY STEPPE,125.129.112.29
GRIZZLY STEPPE,125.181.204.230
GRIZZLY STEPPE,125.90.93.55
GRIZZLY STEPPE,128.146.176.6
GRIZZLY STEPPE,128.153.145.125
GRIZZLY STEPPE,128.199.108.0
GRIZZLY STEPPE,128.52.128.105
GRIZZLY STEPPE,128.73.141.124
GRIZZLY STEPPE,128.75.159.209
GRIZZLY STEPPE,131.72.138.33
GRIZZLY STEPPE,131.72.138.99
GRIZZLY STEPPE,132.248.64.121
GRIZZLY STEPPE,134.121.241.31
GRIZZLY STEPPE,134.170.108.26
GRIZZLY STEPPE,134.74.98.42
GRIZZLY STEPPE,139.59.9.200
GRIZZLY STEPPE,140.130.213.5
GRIZZLY STEPPE,141.138.141.208
GRIZZLY STEPPE,141.255.162.162
GRIZZLY STEPPE,141.255.162.166
GRIZZLY STEPPE,141.255.162.175
GRIZZLY STEPPE,142.10.38.212
GRIZZLY STEPPE,146.0.74.7
GRIZZLY STEPPE,146.0.77.50
GRIZZLY STEPPE,146.185.135.43
GRIZZLY STEPPE,146.185.139.55
GRIZZLY STEPPE,146.185.161.126
GRIZZLY STEPPE,146.185.177.103
GRIZZLY STEPPE,147.102.10.1
GRIZZLY STEPPE,148.202.105.33
GRIZZLY STEPPE,148.202.239.38
GRIZZLY STEPPE,148.251.255.92
GRIZZLY STEPPE,149.154.158.51
GRIZZLY STEPPE,149.202.17.236
GRIZZLY STEPPE,149.202.42.188
GRIZZLY STEPPE,149.202.44.177
GRIZZLY STEPPE,149.202.47.181
GRIZZLY STEPPE,149.202.62.12
GRIZZLY STEPPE,149.56.223.241
GRIZZLY STEPPE,149.56.229.17
GRIZZLY STEPPE,149.56.99.36
GRIZZLY STEPPE,149.56.99.37
GRIZZLY STEPPE,149.56.99.38
GRIZZLY STEPPE,151.1.182.128
GRIZZLY STEPPE,151.100.179.50
GRIZZLY STEPPE,151.236.195.105
GRIZZLY STEPPE,151.236.20.113
GRIZZLY STEPPE,151.236.23.54
GRIZZLY STEPPE,151.236.25.57
GRIZZLY STEPPE,151.80.220.34
GRIZZLY STEPPE,153.214.197.133
GRIZZLY STEPPE,153.92.126.148
GRIZZLY STEPPE,153.92.127.138
GRIZZLY STEPPE,154.70.153.175
GRIZZLY STEPPE,158.130.0.242
GRIZZLY STEPPE,158.255.211.156
GRIZZLY STEPPE,158.58.170.186
GRIZZLY STEPPE,158.58.170.222
GRIZZLY STEPPE,158.69.172.225
GRIZZLY STEPPE,158.69.194.36
GRIZZLY STEPPE,158.69.208.131
GRIZZLY STEPPE,158.69.244.40
GRIZZLY STEPPE,159.203.30.48
GRIZZLY STEPPE,162.209.125.127
GRIZZLY STEPPE,162.209.125.237
GRIZZLY STEPPE,162.209.125.247
GRIZZLY STEPPE,162.244.25.249
GRIZZLY STEPPE,162.244.26.76
GRIZZLY STEPPE,162.247.72.199
GRIZZLY STEPPE,162.247.72.200
GRIZZLY STEPPE,162.247.72.201
GRIZZLY STEPPE,162.247.72.202
GRIZZLY STEPPE,162.247.72.216
GRIZZLY STEPPE,162.247.72.217
GRIZZLY STEPPE,162.247.72.27
GRIZZLY STEPPE,162.247.73.204
GRIZZLY STEPPE,162.247.73.206
GRIZZLY STEPPE,162.250.234.177
GRIZZLY STEPPE,162.253.42.208
GRIZZLY STEPPE,163.172.129.70
GRIZZLY STEPPE,163.172.135.172
GRIZZLY STEPPE,163.172.136.101
GRIZZLY STEPPE,163.172.138.68
GRIZZLY STEPPE,163.172.140.30
GRIZZLY STEPPE,163.172.143.114
GRIZZLY STEPPE,163.172.152.231
GRIZZLY STEPPE,163.172.154.105
GRIZZLY STEPPE,163.172.158.208
GRIZZLY STEPPE,163.172.209.46
GRIZZLY STEPPE,163.172.211.135
GRIZZLY STEPPE,163.172.214.76
GRIZZLY STEPPE,163.172.29.81
GRIZZLY STEPPE,163.172.29.9
GRIZZLY STEPPE,163.172.38.173
GRIZZLY STEPPE,163.172.43.52
GRIZZLY STEPPE,163.177.65.209
GRIZZLY STEPPE,163.47.21.101
GRIZZLY STEPPE,164.132.102.184
GRIZZLY STEPPE,164.132.51.91
GRIZZLY STEPPE,167.114.238.104
GRIZZLY STEPPE,167.114.35.70
GRIZZLY STEPPE,167.114.92.50
GRIZZLY STEPPE,171.25.193.132
GRIZZLY STEPPE,171.25.193.20
GRIZZLY STEPPE,171.25.193.235
GRIZZLY STEPPE,171.25.193.25
GRIZZLY STEPPE,171.25.193.77
GRIZZLY STEPPE,171.25.193.78
GRIZZLY STEPPE,172.98.67.32
GRIZZLY STEPPE,173.208.213.114
GRIZZLY STEPPE,173.246.103.8
GRIZZLY STEPPE,173.254.216.66
GRIZZLY STEPPE,173.255.231.225
GRIZZLY STEPPE,175.105.185.86
GRIZZLY STEPPE,175.126.148.37
GRIZZLY STEPPE,176.10.104.243
GRIZZLY STEPPE,176.10.107.180
GRIZZLY STEPPE,176.10.99.200
GRIZZLY STEPPE,176.10.99.208
GRIZZLY STEPPE,176.111.109.155
GRIZZLY STEPPE,176.114.0.120
GRIZZLY STEPPE,176.114.0.157
GRIZZLY STEPPE,176.31.180.157
GRIZZLY STEPPE,176.31.7.241
GRIZZLY STEPPE,176.58.100.98
GRIZZLY STEPPE,176.9.25.114
GRIZZLY STEPPE,177.85.98.227
GRIZZLY STEPPE,178.140.158.79
GRIZZLY STEPPE,178.151.182.123
GRIZZLY STEPPE,178.162.193.233
GRIZZLY STEPPE,178.162.199.142
GRIZZLY STEPPE,178.162.205.2
GRIZZLY STEPPE,178.162.211.216
GRIZZLY STEPPE,178.162.216.42
GRIZZLY STEPPE,178.17.163.82
GRIZZLY STEPPE,178.17.170.124
GRIZZLY STEPPE,178.17.170.164
GRIZZLY STEPPE,178.17.170.179
GRIZZLY STEPPE,178.17.170.201
GRIZZLY STEPPE,178.17.170.238
GRIZZLY STEPPE,178.17.174.10
GRIZZLY STEPPE,178.17.174.99
GRIZZLY STEPPE,178.175.128.50
GRIZZLY STEPPE,178.175.131.194
GRIZZLY STEPPE,178.175.144.43
GRIZZLY STEPPE,178.20.55.16
GRIZZLY STEPPE,178.20.55.18
GRIZZLY STEPPE,178.217.187.39
GRIZZLY STEPPE,178.239.167.15
GRIZZLY STEPPE,178.32.251.109
GRIZZLY STEPPE,178.32.53.124
GRIZZLY STEPPE,178.32.53.131
GRIZZLY STEPPE,178.32.53.94
GRIZZLY STEPPE,178.62.18.173
GRIZZLY STEPPE,178.62.71.57
GRIZZLY STEPPE,179.43.143.162
GRIZZLY STEPPE,182.16.23.41
GRIZZLY STEPPE,184.105.220.24
GRIZZLY STEPPE,185.100.84.254
GRIZZLY STEPPE,185.100.84.82
GRIZZLY STEPPE,185.100.85.101
GRIZZLY STEPPE,185.100.85.132
GRIZZLY STEPPE,185.100.85.176
GRIZZLY STEPPE,185.100.85.190
GRIZZLY STEPPE,185.100.85.191
GRIZZLY STEPPE,185.100.85.192
GRIZZLY STEPPE,185.100.85.236
GRIZZLY STEPPE,185.100.86.122
GRIZZLY STEPPE,185.100.86.128
GRIZZLY STEPPE,185.100.86.155
GRIZZLY STEPPE,185.100.86.167
GRIZZLY STEPPE,185.100.86.69
GRIZZLY STEPPE,185.100.86.86
GRIZZLY STEPPE,185.100.87.120
GRIZZLY STEPPE,185.100.87.139
GRIZZLY STEPPE,185.100.87.44
GRIZZLY STEPPE,185.100.87.63
GRIZZLY STEPPE,185.100.87.73
GRIZZLY STEPPE,185.100.87.82
GRIZZLY STEPPE,185.104.11.154
GRIZZLY STEPPE,185.104.120.2
GRIZZLY STEPPE,185.104.120.4
GRIZZLY STEPPE,185.104.120.7
GRIZZLY STEPPE,185.104.9.39
GRIZZLY STEPPE,185.11.180.67
GRIZZLY STEPPE,185.12.46.178
GRIZZLY STEPPE,185.128.40.220
GRIZZLY STEPPE,185.129.62.62
GRIZZLY STEPPE,185.129.62.63
GRIZZLY STEPPE,185.13.76.45
GRIZZLY STEPPE,185.135.156.94
GRIZZLY STEPPE,185.16.200.176
GRIZZLY STEPPE,185.17.184.228
GRIZZLY STEPPE,185.3.135.58
GRIZZLY STEPPE,185.34.33.2
GRIZZLY STEPPE,185.36.100.145
GRIZZLY STEPPE,185.38.14.171
GRIZZLY STEPPE,185.38.14.215
GRIZZLY STEPPE,185.55.217.127
GRIZZLY STEPPE,185.61.138.104
GRIZZLY STEPPE,185.65.134.75
GRIZZLY STEPPE,185.65.134.76
GRIZZLY STEPPE,185.65.134.81
GRIZZLY STEPPE,185.69.168.112
GRIZZLY STEPPE,185.7.34.251
GRIZZLY STEPPE,185.76.35.10
GRIZZLY STEPPE,185.76.35.11
GRIZZLY STEPPE,185.77.128.27
GRIZZLY STEPPE,185.80.222.78
GRIZZLY STEPPE,185.80.50.33
GRIZZLY STEPPE,185.82.202.102
GRIZZLY STEPPE,185.82.202.174
GRIZZLY STEPPE,185.82.202.45
GRIZZLY STEPPE,185.86.148.111
GRIZZLY STEPPE,185.86.148.227
GRIZZLY STEPPE,185.86.149.223
GRIZZLY STEPPE,185.86.149.97
GRIZZLY STEPPE,186.215.192.2
GRIZZLY STEPPE,188.126.81.155
GRIZZLY STEPPE,188.138.1.217
GRIZZLY STEPPE,188.138.9.41
GRIZZLY STEPPE,188.162.64.72
GRIZZLY STEPPE,188.162.64.83
GRIZZLY STEPPE,188.42.254.26
GRIZZLY STEPPE,188.93.234.203
GRIZZLY STEPPE,190.97.163.207
GRIZZLY STEPPE,191.96.66.15
GRIZZLY STEPPE,192.121.252.153
GRIZZLY STEPPE,192.121.46.121
GRIZZLY STEPPE,192.151.155.130
GRIZZLY STEPPE,192.160.102.164
GRIZZLY STEPPE,192.160.102.166
GRIZZLY STEPPE,192.195.80.10
GRIZZLY STEPPE,192.198.82.58
GRIZZLY STEPPE,192.207.61.178
GRIZZLY STEPPE,192.40.57.129
GRIZZLY STEPPE,193.111.136.162
GRIZZLY STEPPE,193.138.219.231
GRIZZLY STEPPE,193.15.16.4
GRIZZLY STEPPE,193.169.4.29
GRIZZLY STEPPE,193.169.86.78
GRIZZLY STEPPE,193.169.87.71
GRIZZLY STEPPE,193.171.202.150
GRIZZLY STEPPE,193.182.144.34
GRIZZLY STEPPE,193.200.241.195
GRIZZLY STEPPE,193.238.157.16
GRIZZLY STEPPE,193.24.208.113
GRIZZLY STEPPE,193.24.240.200
GRIZZLY STEPPE,193.90.12.86
GRIZZLY STEPPE,193.90.12.87
GRIZZLY STEPPE,193.90.12.88
GRIZZLY STEPPE,193.90.12.89
GRIZZLY STEPPE,193.90.12.90
GRIZZLY STEPPE,194.187.249.135
GRIZZLY STEPPE,194.187.249.87
GRIZZLY STEPPE,194.88.143.66
GRIZZLY STEPPE,195.154.15.227
GRIZZLY STEPPE,195.154.255.174
GRIZZLY STEPPE,195.154.8.111
GRIZZLY STEPPE,195.154.81.29
GRIZZLY STEPPE,195.154.90.122
GRIZZLY STEPPE,195.228.45.176
GRIZZLY STEPPE,197.251.205.172
GRIZZLY STEPPE,198.105.125.74
GRIZZLY STEPPE,198.134.125.78
GRIZZLY STEPPE,198.167.223.38
GRIZZLY STEPPE,198.50.159.231
GRIZZLY STEPPE,198.50.177.202
GRIZZLY STEPPE,198.50.200.131
GRIZZLY STEPPE,198.50.200.135
GRIZZLY STEPPE,198.50.200.137
GRIZZLY STEPPE,198.50.200.139
GRIZZLY STEPPE,198.58.107.53
GRIZZLY STEPPE,198.96.155.3
GRIZZLY STEPPE,199.127.226.150
GRIZZLY STEPPE,199.59.148.23
GRIZZLY STEPPE,199.68.196.125
GRIZZLY STEPPE,199.71.233.138
GRIZZLY STEPPE,199.71.233.139
GRIZZLY STEPPE,199.71.233.140
GRIZZLY STEPPE,199.71.233.141
GRIZZLY STEPPE,199.71.233.142
GRIZZLY STEPPE,199.87.154.251
GRIZZLY STEPPE,199.87.154.255
GRIZZLY STEPPE,201.77.124.118
GRIZZLY STEPPE,202.158.120.51
GRIZZLY STEPPE,202.28.103.150
GRIZZLY STEPPE,202.28.194.6
GRIZZLY STEPPE,203.157.155.8
GRIZZLY STEPPE,203.169.48.15
GRIZZLY STEPPE,203.190.241.33
GRIZZLY STEPPE,203.218.5.241
GRIZZLY STEPPE,204.11.50.131
GRIZZLY STEPPE,204.12.12.40
GRIZZLY STEPPE,204.155.30.75
GRIZZLY STEPPE,204.155.30.76
GRIZZLY STEPPE,204.155.30.77
GRIZZLY STEPPE,204.155.30.78
GRIZZLY STEPPE,204.155.30.79
GRIZZLY STEPPE,204.155.30.80
GRIZZLY STEPPE,204.155.30.81
GRIZZLY STEPPE,204.155.30.82
GRIZZLY STEPPE,204.194.29.4
GRIZZLY STEPPE,204.85.191.30
GRIZZLY STEPPE,207.176.226.8
GRIZZLY STEPPE,207.244.70.35
GRIZZLY STEPPE,207.244.97.183
GRIZZLY STEPPE,209.133.66.214
GRIZZLY STEPPE,209.222.77.220
GRIZZLY STEPPE,209.236.67.159
GRIZZLY STEPPE,209.249.180.198
GRIZZLY STEPPE,209.66.119.150
GRIZZLY STEPPE,210.14.70.140
GRIZZLY STEPPE,210.245.123.180
GRIZZLY STEPPE,211.194.50.61
GRIZZLY STEPPE,211.226.72.236
GRIZZLY STEPPE,212.109.194.126
GRIZZLY STEPPE,212.113.32.242
GRIZZLY STEPPE,212.117.180.130
GRIZZLY STEPPE,212.117.180.21
GRIZZLY STEPPE,212.47.194.250
GRIZZLY STEPPE,212.47.195.52
GRIZZLY STEPPE,212.47.227.72
GRIZZLY STEPPE,212.47.238.193
GRIZZLY STEPPE,212.47.246.21
GRIZZLY STEPPE,212.47.247.226
GRIZZLY STEPPE,212.47.248.81
GRIZZLY STEPPE,212.68.41.83
GRIZZLY STEPPE,212.7.192.148
GRIZZLY STEPPE,212.7.217.50
GRIZZLY STEPPE,212.7.219.155
GRIZZLY STEPPE,212.83.190.65
GRIZZLY STEPPE,212.83.40.238
GRIZZLY STEPPE,212.83.40.239
GRIZZLY STEPPE,213.179.207.166
GRIZZLY STEPPE,213.202.214.148
GRIZZLY STEPPE,213.215.9.162
GRIZZLY STEPPE,213.39.51.93
GRIZZLY STEPPE,216.110.195.12
GRIZZLY STEPPE,216.17.99.183
GRIZZLY STEPPE,216.218.134.12
GRIZZLY STEPPE,216.230.148.77
GRIZZLY STEPPE,216.239.90.19
GRIZZLY STEPPE,216.58.216.142
GRIZZLY STEPPE,216.58.216.174
GRIZZLY STEPPE,216.75.21.31
GRIZZLY STEPPE,217.115.10.131
GRIZZLY STEPPE,217.115.10.132
GRIZZLY STEPPE,217.12.201.109
GRIZZLY STEPPE,217.12.204.104
GRIZZLY STEPPE,217.13.197.5
GRIZZLY STEPPE,217.13.56.9
GRIZZLY STEPPE,217.23.10.184
GRIZZLY STEPPE,217.23.10.188
GRIZZLY STEPPE,217.23.10.189
GRIZZLY STEPPE,217.23.12.10
GRIZZLY STEPPE,217.23.14.168
GRIZZLY STEPPE,217.79.188.43
GRIZZLY STEPPE,219.249.95.108
GRIZZLY STEPPE,221.138.128.116
APT28,baltichost.org
APT28,kavkazcentr.info
APT28,login-osce.org
APT28,mail.g0v.pl
APT28,n0vinite.com
APT28,nato.nshq.in
APT28,natoexhibitionff14.com
APT28,novinitie.com
APT28,poczta.mon.q0v.pl
APT28,q0v.pl
APT28,qov.hu.com
APT28,rnil.am
APT28,smigroup-online.co.uk
APT28,standartnevvs.com
APT29,23.227.196.217
APT29,45.32.129.185
APT29,58.49.58.58
APT29,185.100.84.134
APT29,185.86.148.227
APT29,187.33.33.8
APT29,218.1.98.203
OP PAWN STORM,academl.com
OP PAWN STORM,eurosatory2014.com
OP PAWN STORM,log-in-osce.org
OP PAWN STORM,mail.hm.qov.hu
OP PAWN STORM,natoexhibitionff14.com
OP PAWN STORM,tolonevvs.com
OP PAWN STORM,vice-news.com
OP PAWN STORM,webmail-saic.com
